{"cameraMode":{"drawMode":0,"name":"Shaded","section":"Shading Mode"},"sceneLighting":true,"audioPlay":false,"sceneViewState":{"showFog":true,"showMaterialUpdate":false,"showSkybox":true,"showFlares":true,"showImageEffects":true,"showParticleSystems":true,"showVisualEffectGraphs":true,"m_FxEnabled":true},"in2DMode":false,"pivot":{"x":414.3761901855469,"y":304.37762451171877,"z":-120.13674926757813},"rotation":{"x":-0.048214733600616458,"y":-0.05630728229880333,"z":0.002721886383369565,"w":-0.997247040271759},"size":159.6705780029297,"orthographic":false}