{"cameraMode":{"drawMode":0,"name":"Shaded","section":"Shading Mode"},"sceneLighting":true,"audioPlay":false,"sceneViewState":{"showFog":true,"showMaterialUpdate":false,"showSkybox":true,"showFlares":true,"showImageEffects":true,"showParticleSystems":true,"showVisualEffectGraphs":true,"m_FxEnabled":true},"in2DMode":false,"pivot":{"x":385.24615478515627,"y":308.5520935058594,"z":-117.87759399414063},"rotation":{"x":-0.0452909879386425,"y":-0.012889270670711995,"z":0.0005839713267050684,"w":-0.9988923668861389},"size":136.00389099121095,"orthographic":false}