{"cameraMode":{"drawMode":0,"name":"Shaded","section":"Shading Mode"},"sceneLighting":true,"audioPlay":false,"sceneViewState":{"showFog":true,"showMaterialUpdate":false,"showSkybox":true,"showFlares":true,"showImageEffects":true,"showParticleSystems":true,"showVisualEffectGraphs":true,"m_FxEnabled":true},"in2DMode":false,"pivot":{"x":-62.35533142089844,"y":-35.649559020996097,"z":11.639801025390625},"rotation":{"x":-0.21602465212345124,"y":-0.024311820045113565,"z":0.005380149465054274,"w":-0.9760681986808777},"size":60.62706756591797,"orthographic":false}