{"cameraMode":{"drawMode":0,"name":"Shaded","section":"Shading Mode"},"sceneLighting":false,"audioPlay":false,"sceneViewState":{"showFog":true,"showMaterialUpdate":false,"showSkybox":false,"showFlares":true,"showImageEffects":true,"showParticleSystems":true,"showVisualEffectGraphs":true,"m_FxEnabled":true},"in2DMode":false,"pivot":{"x":-1.6333866119384766,"y":8.993939399719239,"z":45.362098693847659},"rotation":{"x":0.02280665561556816,"y":0.005992442835122347,"z":-0.0001372780097881332,"w":0.9997283816337586},"size":6.6305952072143559,"orthographic":false}